[
    {
        "importFilesToOrigRelpaths": {
            ".certora_internal/23_06_07_19_16_19_352/.certora_config/0_erc20.spec.spec": "certora/specs/methods/erc20.spec",
            ".certora_internal/23_06_07_19_16_19_352/.certora_config/0_methods_base.spec.spec": "certora/specs/methods/methods_base.spec"
        },
        "primary_contract": "StaticATokenLMHarness",
        "specfile": ".certora_internal/23_06_07_19_16_19_352/.certora_config/0_StaticATokenLM_verified.spec.spec",
        "specfileOrigRelpath": "certora/specs/staticATokenLM/StaticATokenLM_verified.spec",
        "specfilesToImportDecls": {
            ".certora_internal/23_06_07_19_16_19_352/.certora_config/0_StaticATokenLM_verified.spec.spec": [
                "../methods/methods_base.spec"
            ],
            ".certora_internal/23_06_07_19_16_19_352/.certora_config/0_methods_base.spec.spec": [
                "erc20.spec"
            ]
        },
        "type": "spec"
    }
]